기관명,제목,본문,파일이름,파일주소,미리보기,공고구분,공고번호,담당부서,담당자,연락처,use,sample_url,down,oid
가평군청,"//*[@id=""board""]/table/tbody/tr[3]/td[1]","//*[@id=""board""]/table/tbody/tr[4]/td|-html","//*[@id=""board""]/table/tbody/tr[5]/td/ul/li/a[not(@target)]","//*[@id=""board""]/table/tbody/tr[5]/td/ul/li/a[not(@target)]|-href",,"//*[@id=""board""]/table/tbody/tr[1]/td[1]","//*[@id=""board""]/table/tbody/tr[2]/td[1]","//*[@id=""board""]/table/tbody/tr[3]/td[2]",,"//*[@id=""board""]/table/tbody/tr[1]/td[2]",1,https://www.gp.go.kr/portal/selectGosiData.do?key=2148&not_ancmt_mgt_no=50107&not_ancmt_se_code=01,1,2
강남구,"//*[@id=""contents-wrap""]/div[1]/div/div/div/div/div[1]/div[1]","//*[@id=""contents-wrap""]/div[1]/div/div/div/div/div[1]/div[4]|-html","//ul[@id=""fileListCollap""]/li/a|-content","//ul[@id=""fileListCollap""]/li/a|-href",,,,"//*[@id=""contents-wrap""]/div[1]/div/div/div/div/div[1]/div[2]/div/span|-|-rst.split(""|"")[1].strip()",,,1,https://www.gangnam.go.kr/notice/view.do?not_ancmt_mgt_no=58594,1,3
강동구,"//*[@id=""frmNotice""]/div/table/tbody/tr[5]/td","//*[@id=""frmNotice""]/div/table/tbody/tr[6]/td|-html","//*[@id=""frmNotice""]/div/table/tbody/tr[7]/td/div/a[not(@id)]","//*[@id=""frmNotice""]/div/table/tbody/tr[7]/td/div/a[not(@id)]|-onclick|-_file_new_js(rst, ""https://eminwon.gangdong.go.kr"")
",,"//*[@id=""frmNotice""]/div/table/tbody/tr[2]/td[1]","//*[@id=""frmNotice""]/div/table/tbody/tr[3]/td[1]","//*[@id=""frmNotice""]/div/table/tbody/tr[4]/td[2]","//*[@id=""frmNotice""]/div/table/tbody/tr[4]/td[1]|-|-rst.split(""/"")[0].strip()","//*[@id=""frmNotice""]/div/table/tbody/tr[4]/td[1]|-|-rst.split(""/"")[1].strip()",1,https://www.gangdong.go.kr/web/newportal/notice/01/53178,1,4
강북구,"//*[@id=""board""]/div/h3","//*[@id=""board""]/div/dl/dd|-html","//*[@id=""board""]/div/div/dl[4]/dd/a[not(@onclick)]","//*[@id=""board""]/div/div/dl[4]/dd/a[not(@onclick)]|-href",,"//*[@id=""board""]/div/div/dl[1]/dd[1]","//*[@id=""board""]/div/div/dl[1]/dd[2]","//*[@id=""board""]/div/div/dl[2]/dd[1]",,"//*[@id=""board""]/div/div/dl[2]/dd[2]",1,https://www.gangbuk.go.kr/portal/bbs/B0000245/view.do?menuNo=200082&nttId=169158,1,5
강서구,"//*[@id=""container""]/div[1]/div/div/div[1]/div[1]/div","//*[@id=""container""]/div[1]/div/div/div[2]/div[2]/div/pre|-html","//*[@id=""container""]/div[1]/div/div/div[2]/div[3]/dl/dd/ul/li/span[1]|-|-rst.split(""("")[0].strip()","//*[@id=""container""]/div[1]/div/div/div[2]/div[3]/dl/dd/ul/li/span[2]/a|-onclick|-_file_new_js(rst, ""https://eminwon.gangseo.seoul.kr"")",,"//*[@id=""container""]/div[1]/div/div/div[1]/div[2]/table/tbody/tr[1]/td[1]","//*[@id=""container""]/div[1]/div/div/div[1]/div[2]/table/tbody/tr[1]/td[2]","//*[@id=""container""]/div[1]/div/div/div[1]/div[2]/table/tbody/tr[3]/td[1]","//*[@id=""container""]/div[1]/div/div/div[1]/div[2]/table/tbody/tr[3]/td[2]|-|-rst.split(""("")[0]","//*[@id=""container""]/div[1]/div/div/div[1]/div[2]/table/tbody/tr[3]/td[2]|-|-rst.split(""("")[1][:-1]",1,https://www.gangseo.seoul.kr/gs040301/view?mgtNo=62517,1,6
강화군청,"//*[@id=""detail_con""]/div/p","//div[@id=""detail_con""]/div[@class=""board_view""]/div[@class=""con""]|-outerhtml","//*[@id=""detail_con""]/div/dl[7]/dd/ul/li/a|-content","//*[@id=""detail_con""]/div/dl[7]/dd/ul/li/a|-href",,"//*[@id=""detail_con""]/div/dl[1]/dd","//*[@id=""detail_con""]/div/dl[2]/dd","//*[@id=""detail_con""]/div/dl[3]/dd","//*[@id=""detail_con""]/div/dl[4]/dd|-|-rst.split(""/"")[0]","//*[@id=""detail_con""]/div/dl[4]/dd|-|-rst.split(""/"")[1]",1,https://www.ganghwa.go.kr/open_content/main/eminwon/announce/eminwonDetail.do?seq=48639&keyfield=title,1,7
계룡시청,"//*[@id=""txt""]/div[1]/div/div[1]/h2","//*[@id=""txt""]/div[1]/div/div[3]/div/div|-html","//*[@id=""txt""]/div[1]/div/div[2]/a[not(@target)]|-title|-rst.replace('다운로드','').strip()","//*[@id=""txt""]/div[1]/div/div[2]/a[not(@target)]|-href|-""https://www.gyeryong.go.kr"" + rst",,,"//*[@id=""txt""]/div[1]/div/div[1]/div/span[1]","//*[@id=""txt""]/div[1]/div/div[1]/div/span[2]|-|-rst.split("":"")[1].strip()",,"//*[@id=""txt""]/div[1]/div/div[1]/div/span[3]|-|-rst.split("":"")[1].strip()",1,https://www.gyeryong.go.kr/kr/html/sub03/030102.html?mode=V&mng_no=4960b7ca1bf51959e3f3902446f1cff4,1,8
고양시청,/html/body/form/div[1]/h3,/html/body/form/div[1]/div|-html,/html/body/form/div[1]/ul/li[6]/div/a,"/html/body/form/div[1]/ul/li[6]/div/a|-href|-_file_url_js(rst, ""https://eminwon.goyang.go.kr"")",,"/html/body/form/div[1]/ul/li[1]|-|-rst.split("":"")[1].strip()","/html/body/form/div[1]/ul/li[3]|-|-rst.split("":"")[1].strip()","/html/body/form/div[1]/ul/li[5]|-|-rst.split("":"")[1].strip()",,,1,https://eminwon.goyang.go.kr/emwp/gov/mogaha/ntis/web/ofr/action/OfrAction.do?epcCheck=&jndinm=OfrNotAncmtEJB&context=NTIS&method=selectOfrNotAncmt&methodnm=selectOfrNotAncmtRegst&homepage_pbs_yn=Y&subCheck=Y&not_ancmt_mgt_no=135653,1,9
공주시청,"//*[@id=""txt""]/div/div[1]/div[1]/h2","//*[@id=""txt""]/div/div[1]/div[3]/div/div|-html","//*[@id=""txt""]/div/div[1]/div[2]/a[contains(@href, 'fn_egov_downFile')]|-href|-rst.split(""'"")[1]","//*[@id=""txt""]/div/div[1]/div[2]/a[contains(@href, 'fn_egov_downFile')]|-href|-_file_url_js(rst, ""https://eminwon.gongju.go.kr"")",,,"//*[@id=""txt""]/div/div[1]/div[1]/div/span",,,,1,https://www.gongju.go.kr/prog/saeolGosi/GOSI_01/sub04_03_01/view.do?notAncmtMgtNo=53928,1,10
관악구,"//*[@id=""contents""]/div/div[1]/div[1]/strong","//*[@id=""contents""]/div/div[1]/div[4]/div/pre|-html","//*[@id=""contents""]/div/div[1]/div[3]/ul/li/a[@class=""filedown""]|-content","//*[@id=""contents""]/div/div[1]/div[3]/ul/li/a[@class=""filedown""]|-href",,"//*[@id=""contents""]/div/div[1]/div[2]/dl[1]/dd","//*[@id=""contents""]/div/div[1]/div[2]/dl[2]/dd","//*[@id=""contents""]/div/div[1]/div[2]/dl[5]/dd",,"//*[@id=""contents""]/div/div[1]/div[2]/dl[6]/dd",1,https://www.gwanak.go.kr/site/gwanak/ex/bbsNew/View.do?typeCode=1&not_ancmt_mgt_no=38103,1,11
광주시청,"//*[@id=""detailForm""]/div[1]/div/h4","//div[@class=""view_cont""]|-html","//*[@id=""updateFileList""]/li/a[not(@class)]/span","//*[@id=""updateFileList""]/li/a[not(@class)]|-onclick|-_file_new_js(rst, ""http://eminwon.gjcity.go.kr"")",,,"//*[@id=""detailForm""]/div[1]/div/div[1]/ul/li[1]","//*[@id=""detailForm""]/div[1]/div/div[1]/ul/li[3]",,"//*[@id=""detailForm""]/div[1]/div/div[1]/ul/li[4]",1,https://www.gjcity.go.kr/portal/saeol/gosi/view.do?notAncmtMgtNo=71073&mId=0202010000,0,12
광진구,"//*[@id=""content""]/div[1]/div/dl[2]/dd","//*[@id=""content""]/div[1]/div/dl[5]/dd|-html","//*[@id=""content""]/div[1]/div/dl[6]/dd/div/div/a[not(@style)]|-title","//*[@id=""content""]/div[1]/div/dl[6]/dd/div/div/a[not(@style)]|-href|-""https://www.gwangjin.go.kr"" + rst",,"//*[@id=""content""]/div[1]/div/dl[1]/dd[2]/span","//*[@id=""content""]/div[1]/div/dl[1]/dd[1]","//*[@id=""content""]/div[1]/div/dl[3]/dd[1]",,"//*[@id=""content""]/div[1]/div/dl[3]/dd[2]|-content",1,https://www.gwangjin.go.kr/portal/bbs/B0000003/view.do?nttId=6359122&menuNo=200192&pSiteId=portal,1,13
구로구,"//*[@id=""board""]/div/table/tbody/tr[1]/td/span","//*[@id=""board""]/div/table/tbody/tr[2]/td/pre|-html","//*[@id=""board""]/div/table/tbody/tr[3]/td/ul/li/a[not(@target)]/span[2]","//*[@id=""board""]/div/table/tbody/tr[3]/td/ul/li/a[not(@target)]|-href",,,,"//*[@id=""colgroup""]/article/footer/div/div[1]/ul/li[1]",,,1,https://www.guro.go.kr/www/selectBbsNttGosiView.do?bbsNo=663&nttNo=46809&key=1791,1,14
국가철도공단,"//tr[th[contains(text(), '공고명')]]/td[1]",//table[@summary]|-outerhtml,//table[@summary]/tbody/tr/td[2]/a|-content,"//table[@summary]/tbody/tr/td[2]/a|-href|-_file_new_js2(rst, ""//https://ebid.kr.or.kr"")",,,"//tr[th[contains(text(), '공고번호')]]/td[1]",,,,1,https://ebid.kr.or.kr/krn/krnBidDetail.do?gyErBeonho=1000011888&ggNyeondo=2025&ggGubun=01&ggIrBeonho=000059&ggChasu=00,1,15
국방과학연구소,,,,,,,,,,,0,,1,16
군포시청,"//tr[th[contains(text(), '제목')]]/td[1]","//tr/td[@title=""내용""]|-html","//a[@class=""p-attach__link""]|-href|-rst.split(""'"")[1]","//a[@class=""p-attach__link""]|-href|-_file_new_js(rst, ""http://eminwon.gunpo.go.kr"")",,"//tr[th[contains(text(), '공고구분')]]/td[1]","//tr[th[contains(text(), '공고 번호')]]/td[1]","//tr[th[contains(text(), '담당부서')]]/td[1]","//tr[th[contains(text(), '담당자명')]]/td[1]","//tr[th[contains(text(), '연락처')]]/td[1]",1,https://www.gunpo.go.kr/www/selectEminwonView.do?key=3907&Not_ancmt_se_code=01&not_ancmt_mgt_no=41679&notAncmtSeCd=01&searchCnd=&searchKrwd=,1,17
금산군청,"//*[@id=""txt""]/div/div[1]/div[1]/h2","//*[@id=""txt""]/div/div[1]/div[3]/div/div|-html","//*[@id=""txt""]/div/div[1]/div[2]/a[not(@target)]|-title|-rst.replace(""다운로드"","""").strip()","//*[@id=""txt""]/div/div[1]/div[2]/a[not(@target)]|-href|-""https://www.geumsan.go.kr"" + rst",,,"//*[@id=""txt""]/div/div[1]/div[1]/div/span[1]|-|-rst.split("":"")[1].strip()","//*[@id=""txt""]/div/div[1]/div[1]/div/span[2]|-|-rst.split("":"")[1].strip()",,"//*[@id=""txt""]/div/div[1]/div[1]/div/span[3]|-|-rst.split("":"")[1].strip()",1,https://www.geumsan.go.kr/site/kr/html/sub03/030302.html?mode=V&site_dvs_cd=kr&mng_no=44c4bf6b561763b607e1296c093172ed,1,18
금천구,"//*[@id=""contents""]/div[1]/div/div/table/tbody/tr[1]/td","//*[@id=""contents""]/div[1]/div/div/table/tbody/tr[6]/td|-outerhtml","//ul/li[@class=""p-attch__item""]/a[not(@onclick)]","//ul/li[@class=""p-attch__item""]/a[not(@onclick)]|-href|-_file_new_js(rst, ""http://eminwon.geumcheon.go.kr"")",,"//tr[th[contains(text(), '공고 구분')]]/td[1]","//tr[th[contains(text(), '공고 번호')]]/td[1]","//tr[th[contains(text(), '담당부서')]]/td[2]","//tr[th[contains(text(), '이메일')]]/td[1]","//tr[th[contains(text(), '담당부서')]]/td[1]",1,https://www.geumcheon.go.kr/portal/tblSeolGosiDetailView.do?key=294&notAncmtMgtNo=35392,1,19
남양주시청,"//div[@class=""bbs_view_title""]","//tr[th[contains(text(), '내용')]]/td[1]|-html","//li[@class=""p-attach__item""]/span|-content","//li[@class=""p-attach__item""]/a[not(@title)]|-href|-_file_url_js(rst, ""http://eminwon.nyj.go.kr"")",,,"//tr[th[contains(text(), '공고번호')]]/td[1]","//tr[th[contains(text(), '담당부서')]]/td[1]",,,1,https://www.nyj.go.kr/www/./selectEminwonWebView.do?sa1Join=01;02;04;05&key=2492&pk=80043,0,20
넥스트레인,"//table[@class=""tb_basic""]//tr[2]/td[3]","//table[@class=""tb_basic""]//tr[3]|-outerhtml","//ul[@class=""files""]//a","//ul[@class=""files""]//a|-href|-""http://www.nextrain.co.kr""+rst",,,"//table[@class=""tb_basic""]//tr[2]/td[1]",,,,1,http://www.nextrain.co.kr/board/etc/25/view,1,21
노원구,"//*[@id=""printArea""]/div[1]/div[1]/h1","//div[@class=""txt""]/div[@class=""se-contents""]|-html","//ul[@class=""file-list""]/li/a/span|-content","//ul[@class=""file-list""]/li/a|-href|-""https://www.nowon.kr"" + rst",,,"//div[@class=""txt""]/div[@class=""se-contents""]/p[1]","//tr[th[contains(text(), '부서')]]/td[1]",,"//tr[th[contains(text(), '전화번호')]]/td[2]",1,https://www.nowon.kr/www/user/bbs/BD_selectBbs.do?q_bbsCode=1003&q_estnColumn7=&q_estnColumn1=11&q_ntceSiteCode=11&q_clCode=0&q_rowPerPage=10&q_searchKeyTy=sj___1002&q_bbscttSn=20250421150717449,1,22
논산시청,/html/body/form/div/table/thead/tr/td,/html/body/form/div/table/tbody/tr[4]/td|-html,/html/body/form/div/table/tbody/tr[3]/td/a[not(@target)],"/html/body/form/div/table/tbody/tr[3]/td/a[not(@target)]|-href|-_file_url_js(rst, ""https://eminwon.nonsan21.net"")",,/html/body/form/div/table/tbody/tr[1]/td[1],/html/body/form/div/table/tbody/tr[1]/td[3],/html/body/form/div/table/tbody/tr[2]/td[1],,,1,https://eminwon.nonsan21.net/emwp/gov/mogaha/ntis/web/ofr/action/OfrAction.do?jndinm=OfrNotAncmtEJB&context=NTIS&method=selectOfrNotAncmt&methodnm=selectOfrNotAncmtRegst&homepage_pbs_yn=Y&initValue=Y&countYn=Y&Key=B_Subject&subCheck=Y&not_ancmt_se_code=01%2C05%2C04%2C06&not_ancmt_mgt_no=47259,1,23
당진시청,"//table[@summary]//tr[th[contains(text(), '제목')]]/td",//table[@summary]//tr/td[@style]|-html,"//table[@summary]//table/tr[td[contains(text(), '첨부파일')]]/td[2]/a","//table[@summary]//tr[td[contains(text(), '첨부파일')]]/td[2]/a|-href|-_file_new_js(rst, ""https://eminwon.dangjin.go.kr"")",,"//table[@summary]//tr[th[contains(text(), '공고구분')]]/td","//table[@summary]//tr[th[contains(text(), '공고번호')]]/td","//table[@summary]//tr[th[contains(text(), '담당부서')]]/td[2]","//table[@summary]//tr[th[contains(text(), '담당자')]]/td[1]|-|-rst.split(""/"")[0].strip()","//table[@summary]//tr[th[contains(text(), '담당자')]]/td[1]|-|-rst.split(""/"")[1].strip()",1,http://eminwon.dangjin.go.kr/emwp/gov/mogaha/ntis/web/ofr/action/OfrAction.do?jndinm=OfrNotAncmtEJB&context=NTIS&method=selectOfrNotAncmt&methodnm=selectOfrNotAncmtRegst&homepage_pbs_yn=Y&subCheck=N&not_ancmt_se_code=01%2C02%2C03%2C04%2C05%2C06&Key=B_Subject&not_ancmt_mgt_no=51387,1,24
도봉구,"//tr[th[contains(text(), '제목')]]/td[1]",//tr/td[@style]|-html,"//tr[td[contains(text(), '첨부파일')]]/td[2]/a|-content","//tr[td[contains(text(), '첨부파일')]]/td[2]/a|-href|-_file_new_js(rst, ""http://dobong.eminwon.seoul.kr"")",,"//tr[th[contains(text(), '공고구분')]]/td[1]","//tr[th[contains(text(), '공고번호')]]/td[1]","//tr[th[contains(text(), '담당자')]]/td[2]","//tr[th[contains(text(), '담당자')]]/td[1]|-|-rst.split(""/"")[0].strip()","//tr[th[contains(text(), '담당자')]]/td[1]|-|-rst.split(""/"")[1].strip()",1,https://dobong.eminwon.seoul.kr/emwp/gov/mogaha/ntis/web/ofr/action/OfrAction.do?jndinm=OfrNotAncmtEJB&context=NTIS&method=selectOfrNotAncmt&methodnm=selectOfrNotAncmtRegst&homepage_pbs_yn=Y&subCheck=Y&not_ancmt_mgt_no=45276,1,25
동대문구,"//*[@id=""contents""]/div/div[1]","//*[@id=""contents""]/div/div[2]/table/tbody/tr[7]/td/pre|-html","//*[@id=""contents""]/div/div[2]/table/tbody/tr[8]/td/ul/li/a|-content","//*[@id=""contents""]/div/div[2]/table/tbody/tr[8]/td/ul/li/a|-href|-_file_new_js(rst, ""http://eminwon.ddm.go.kr"")",,,"//tr[th[contains(text(), '공고번호')]]/td[1]","//tr[th[contains(text(), '담당부서')]]/td[1]","//tr[th[contains(text(), '담당자')]]/td[1]","//tr[th[contains(text(), '연락처')]]/td[1]",1,"https://www.ddm.go.kr/www/selectEminwonWebView.do?key=3291&searchNotAncmtSeCode=01,02,04,05,06,07&notAncmtMgtNo=19465",1,26
동작구,"//tr[td[contains(text(), '제목')]]/td[2]",//tr/td[@style]|-html,"//tr[td[contains(text(), '첨부파일')]]/td[2]/a|-content","//tr[td[contains(text(), '첨부파일')]]/td[2]/a|-href|-_file_new_js(rst, ""https://dongjak.eminwon.seoul.kr"")",,"//tr[td[contains(text(), '공고구분')]]/td[2]","//tr[td[contains(text(), '공고번호')]]/td[2]","//tr[td[contains(text(), '담당부서')]]/td[4]",,,1,https://dongjak.eminwon.seoul.kr/emwp/gov/mogaha/ntis/web/ofr/action/OfrAction.do?jndinm=OfrNotAncmtEJB&context=NTIS&method=selectOfrNotAncmt&methodnm=selectOfrNotAncmtRegst&homepage_pbs_yn=Y&subCheck=Y&not_ancmt_mgt_no=24756,1,27
마포구,"//tr[th[contains(text(), '제목')]]/td[1]","//*[@id=""container""]/div[3]/div[4]/div[2]/div/table/tbody/tr[6]/td|-html","//div[@class=""bbs_view_file""]//li/div/a[not(@onclick)]|-content","//div[@class=""bbs_view_file""]//li/div/a[not(@onclick)]|-href",,"//tr[th[contains(text(), '공고구분')]]/td[1]","//tr[th[contains(text(), '공고번호')]]/td[1]","//tr[th[contains(text(), '담당부서')]]/td[1]","//tr[th[contains(text(), '담당자')]]/td[2]|-|-rst.split(""/"")[0].strip()","//tr[th[contains(text(), '담당자')]]/td[2]|-|-rst.split(""/"")[1].strip()",1,https://www.mapo.go.kr/site/main/nPortal/detail?bcId=17743,1,28
보령시청,"//table[@summary]//tr[th[contains(text(), '제목')]]/td",//table[@summary]//tr/td[@style]|-html,"//table[@summary]//table/tr[td[contains(text(), '첨부파일')]]/td[2]/a","//table[@summary]//tr[td[contains(text(), '첨부파일')]]/td[2]/a|-href|-_file_new_js(rst, ""https://eminwon.brcn.go.kr"")",,"//table[@summary]//tr[th[contains(text(), '공고구분')]]/td","//table[@summary]//tr[th[contains(text(), '공고번호')]]/td","//table[@summary]//tr[th[contains(text(), '담당부서')]]/td[2]","//table[@summary]//tr[th[contains(text(), '담당자')]]/td[1]|-|-rst.split(""/"")[0].strip()","//table[@summary]//tr[th[contains(text(), '담당자')]]/td[1]|-|-rst.split(""/"")[1].strip()",1,"http://eminwon.brcn.go.kr/emwp/gov/mogaha/ntis/web/ofr/action/OfrAction.do?subCheck=N&jndinm=OfrNotAncmtEJB&context=NTIS&method=selectOfrNotAncmt&methodnm=selectOfrNotAncmtRegst&not_ancmt_se_code=01,02,04&not_ancmt_mgt_no=51247",1,29
부여군청,"//*[@id=""txt""]/div[1]/h4","//*[@id=""txt""]/div[2]|-html","//*[@id=""txt""]/ul[2]/li/div/a[not(@class)]|-title","//*[@id=""txt""]/ul[2]/li/div/a[not(@class)]|-onclick|-_file_new_js(rst, ""https://eminwon.buyeo.go.kr"")",,"//*[@id=""txt""]/ul[1]/li[1]","//*[@id=""txt""]/ul[1]/li[2]","//*[@id=""txt""]/ul[1]/li[4]",,,1,https://www.buyeo.go.kr/html/kr/news/news_040202.html?mode=V&mng_no=1153451,1,30
부천시청,/html/body/div/form/table/thead/tr/th,"//td[@class=""contents""]|-html","//tr[th[contains(text(), '첨부파일')]]/td[1]/a|-content","//tr[th[contains(text(), '첨부파일')]]/td[1]/a|-href|-_file_new_js(rst, ""http://eminwon.bucheon.go.kr"")",,"//tr[th[contains(text(), '공고구분')]]/td[1]","//tr[th[contains(text(), '공고번호')]]/td[1]","//tr[th[contains(text(), '담당부서')]]/td[1]",,,1,http://eminwon.bucheon.go.kr/emwp/gov/mogaha/ntis/web/ofr/action/OfrAction.do?epcCheck=&jndinm=OfrNotAncmtEJB&context=NTIS&method=selectOfrNotAncmt&methodnm=selectOfrNotAncmtRegst&homepage_pbs_yn=Y&subCheck=Y&not_ancmt_mgt_no=95929,1,31
서대문구,"//tr[th[contains(text(), '제목')]]/td[1]","//tr/td[@id=""viewCon""]|-html","//tr[th[contains(text(), '첨부파일')]]//a[not(@target)]|-content","//tr[th[contains(text(), '첨부파일')]]//a[not(@target)]|-href|-""https://www.sdm.go.kr"" + url_quote(rst)",,,,"//tr[th[contains(text(), '담당자')]]/td[1]|-|-"" "".join(rst.split()[:-1])","//tr[th[contains(text(), '담당자')]]/td[1]|-|-rst.split()[-1]","//tr[th[contains(text(), '연락처')]]/td[2]",1,https://www.sdm.go.kr/news/notice/notice.do?sdmBoardConfSeq=82&mode=view&cp=1&sdmBoardSeq=301688,1,33
서산시청,"//*[@id=""contents""]/form/table/tbody/tr[1]/td/span","//*[@id=""contents""]/form/table/tbody/tr[7]/td|-html","//*[@id=""contents""]/form/table/tbody/tr[8]/td/a[not(@target)]","//*[@id=""contents""]/form/table/tbody/tr[8]/td/a|-href|-_file_url_js(rst, ""https://eminwon.seosan.go.kr"")",,"//*[@id=""contents""]/form/table/tbody/tr[2]/td","//*[@id=""contents""]/form/table/tbody/tr[4]/td","//*[@id=""contents""]/form/table/tbody/tr[6]/td",,,1,https://www.seosan.go.kr/common/program/eminwonView.jsp?jndinm=OfrNotAncmtEJB&context=NTIS&method=selectOfrNotAncmt&methodnm=selectOfrNotAncmtRegst&homepage_pbs_yn=Y&subCheck=Y&not_ancmt_se_code=01%2C04&mobile_code=00&Key=B_Subject&not_ancmt_mgt_no=58815,1,34
서울시,"//p[@class=""sib-viw-type-basic-subject-name""]","//*[@id=""scrabArea""]|-html","//p[@data-filety=""ATTACH""]/a|-content","//button[@data-type=""preListen""]|-data-url",,"//tr[th[contains(text(), '공고구분')]]/td[1]","//*[@id=""scrabArea""]/p[1]","//*[@id=""viewTable""]/thead/tr[1]/th/p[3]/span[2]","//*[@id=""viewTable""]/thead/tr[1]/th/p[2]/span[1]","//tr[th[contains(text(), '전화')]]/td[1]",1,https://www.seoul.go.kr/news/news_notice.do#view/434104,1,35
서울주택도시공사,"//*[@id=""container""]/div[2]/div[3]/table/thead/tr/th","//tr/td[@class=""cont""]|-html","//a[@class=""btnAttach v1""]","//a[@title=""파일 미리보기""]|-href|-""https://www.i-sh.co.kr/main/com/file/innoFD.do?brdId=""+rst.split(""brd_id="")[1].replace(""data_tp"",""fileTp"").replace(""file_seq"",""fileSeq"")",,,,,,,1,https://www.i-sh.co.kr/main/lay2/program/S1T294C295/www/brd/m_241/view.do?&itm_seq_1=0&multi_itm_seq=0&notType1=0&annType1=on&srchTp=0&seq=287464,1,36
서울특별시강남서초교육지원청,"//*[@id=""contents""]/div[2]/table/tbody/tr[1]/td","//tr/td[@class=""cont""]|-html","//*[@id=""contents""]/div[2]/table/tbody/tr[4]/td/a[not(@onclick)]|-content","//*[@id=""contents""]/div[2]/table/tbody/tr[4]/td/a[not(@onclick)]|-href|-_file_new_js3(rst, ""http://gnscedu.sen.go.kr"")",,,"//tr/td[@class=""cont""]/p[1]","//tr[th[contains(text(), '부서명')]]/td[1]","//tr[th[contains(text(), '작성자')]]/td[1]",,1,http://gnscedu.sen.go.kr/CMS/openedu/openedu02/openedu0201/1347778_3667.html,1,38
서울특별시강동송파교육지원청,"//*[@id=""contents""]/div[2]/table/tbody/tr[1]/td","//tr/td[@class=""cont""]|-html","//*[@id=""contents""]/div[2]/table/tbody/tr[4]/td/a[not(@onclick)]|-content","//*[@id=""contents""]/div[2]/table/tbody/tr[4]/td/a[not(@onclick)]|-href|-_file_new_js3(rst, ""http://gdspedu.sen.go.kr"")",,,"//tr/td[@class=""cont""]/p[1]","//tr[th[contains(text(), '부서명')]]/td[1]","//tr[th[contains(text(), '작성자')]]/td[1]",,1,http://gdspedu.sen.go.kr/CMS/workspace/workspace05/workspace0502/1338182_8970.html,1,39
서울특별시강서양천교육지원청,"//*[@id=""contents""]/div[2]/table/tbody/tr[1]/td","//tr/td[@class=""cont""]|-html","//*[@id=""contents""]/div[2]/table/tbody/tr[4]/td/a[not(@onclick)]|-content","//*[@id=""contents""]/div[2]/table/tbody/tr[4]/td/a[not(@onclick)]|-href|-_file_new_js3(rst, ""http://gsycedu.sen.go.kr"")",,,"//tr/td[@class=""cont""]/p[1]","//tr[th[contains(text(), '부서명')]]/td[1]","//tr[th[contains(text(), '작성자')]]/td[1]",,1,http://gsycedu.sen.go.kr/CMS/official/official05/official0507/1338282_4611.html,1,40
서울특별시남부교육지원청,"//*[@id=""contents""]/div[2]/table/tbody/tr[1]/td","//tr[th[contains(text(), '내용')]]/td[1]|-outerhtml","//tr[th[contains(text(), '첨부')]]/td[1]/a[not(@onclick)]|-content","//tr[th[contains(text(), '첨부')]]/td[1]/a[not(@onclick)]|-href|-_file_new_js3(rst, ""http://nbedu.sen.go.kr"")",,,,,"//tr[th[contains(text(), '글쓴이')]]/td[1]",,1,http://nbedu.sen.go.kr/CMS/admininfo/admininfo01/admininfo0102/1347803_4146.html,1,41
서울특별시동부교육지원청,"//*[@id=""contents""]/div[2]/table/tbody/tr[1]/td","//tr[th[contains(text(), '내용')]]/td[1]|-outerhtml","//tr[th[contains(text(), '첨부')]]/td[1]/a[not(@onclick)]|-content","//tr[th[contains(text(), '첨부')]]/td[1]/a[not(@onclick)]|-href|-_file_new_js3(rst, ""http://dbedu.sen.go.kr"")",,,,"//tr[th[contains(text(), '부서명')]]/td[1]",,,1,http://dbedu.sen.go.kr/CMS/school/school04/school0407/school040701/1326725_2912.html,1,42
서울특별시북부교육지원청,"//tr[th[contains(text(), '제목')]]/td[1]","//tr[th[contains(text(), '내용')]]/td[1]|-outerhtml","//tr[th[contains(text(), '첨부')]]/td[1]/a[not(@onclick)]|-content","//tr[th[contains(text(), '첨부')]]/td[1]/a[not(@onclick)]|-href|-_file_new_js3(rst, ""http://bbedu.sen.go.kr"")",,,,"//tr[th[contains(text(), '부서명')]]/td[1]","//tr[th[contains(text(), '작성자')]]/td[2]",,1,http://bbedu.sen.go.kr/CMS/notice/notice01/1347723_4917.html,1,43
서울특별시서부교육지원청,"//tr[th[contains(text(), '제목')]]/td[1]","//tr[th[contains(text(), '내용')]]/td[1]|-outerhtml","//tr[th[contains(text(), '첨부')]]/td[1]/a[not(@onclick)]|-content","//tr[th[contains(text(), '첨부')]]/td[1]/a[not(@onclick)]|-href|-_file_new_js3(rst, ""http://sbedu.sen.go.kr"")",,,,,"//tr[th[contains(text(), '글쓴이')]]/td[1]","//tr[th[contains(text(), '전화번호')]]/td[3]",1,http://sbedu.sen.go.kr/CMS/admininfo/admininfo01/admininfo0107/1339277_1371.html,1,44
서천군청,"//tr[td[contains(text(), '제목')]]/td[2]",//tr/td[@style]|-html,"//tr[td[contains(text(), '첨부파일')]]/td[2]/a","//tr[td[contains(text(), '첨부파일')]]/td[2]/a|-href|-_file_url_js(rst, ""http://eminwon.seocheon.go.kr"")",,"//tr[td[contains(text(), '공고구분')]]/td[2]","//tr[td[contains(text(), '공고번호')]]/td[2]","//tr[td[contains(text(), '제목')]]/td[4]",,,1,http://eminwon.seocheon.go.kr/emwp/gov/mogaha/ntis/web/ofr/action/OfrAction.do?jndinm=OfrNotAncmtEJB&context=NTIS&method=selectOfrNotAncmt&methodnm=selectOfrNotAncmtRegst&homepage_pbs_yn=Y&subCheck=Y&not_ancmt_mgt_no=41352,1,45
서초구,"//tr[th[contains(text(), '제목')]]/td[1]",//tr/td[@style]|-html,"//tr[th[contains(text(), '첨부파일')]]/td[1]//a|-content","//tr[th[contains(text(), '첨부파일')]]/td[1]//a|-href|-_file_new_js(rst, ""http://eminwon.seocho.go.kr"")",,"//tr[th[contains(text(), '공고구분')]]/td[1]","//tr[th[contains(text(), '공고번호')]]/td[1]","//tr[th[contains(text(), '담당부서')]]/td[2]","//tr[th[contains(text(), '담당자')]]/td[1]|-|-rst.split(""/"")[0].strip()","//tr[th[contains(text(), '담당자')]]/td[1]|-|-rst.split(""/"")[1].strip()",1,https://eminwon.seocho.go.kr/emwp/gov/mogaha/ntis/web/ofr/action/OfrAction.do?epcCheck=&pageIndex=&jndinm=OfrNotAncmtEJB&context=NTIS&method=selectOfrNotAncmt&methodnm=selectOfrNotAncmtRegst&homepage_pbs_yn=Y&subCheck=Y&not_ancmt_mgt_no=40172,1,46
성동구,"//*[@id=""board""]/div/div/table/tbody/tr[1]/td/span","//div[@class=""ntt_cn_container""]|-html","//li[@class=""p-attach__item""]/a[starts-with(@class, ""p-attach__link"")]/span[2]|-content","//li[@class=""p-attach__item""]/a[starts-with(@class, ""p-attach__link"")]|-href|-""https://www.sd.go.kr"" + rst.replace('\t', '').replace('\r', '').replace('\n', '')",,,,"//tr[th[contains(text(), '담당부서')]]/td[1]",,"//tr[th[contains(text(), '문의처')]]/td[1]",1,https://www.sd.go.kr/main/selectBbsNttView.do?bbsNo=184&nttNo=346830&&pageUnit=10&key=1473&nttShowPd=60,1,47
성북구,"//tr[th[contains(text(), '제목')]]/td[1]","//tr[th[contains(text(), '내용')]]/td[1]|-html","//tr[th[contains(text(), '첨부파일')]]/td[1]//a[not(@onclick)]|-content","//tr[th[contains(text(), '첨부파일')]]/td[1]//a[not(@onclick)]|-href",,"//tr[th[contains(text(), '공고구분')]]/td[1]","//tr[th[contains(text(), '공고번호')]]/td[1]","//tr[th[contains(text(), '담당부서')]]/td[1]",,,1,https://www.sb.go.kr/www/selectEminwonView.do?pageUnit=30&searchCnd=all&searchCnd2=&depNm=&key=6977&notAncmtMgtNo=39671&notAncmtSeCode=01,1,48
세종특별시자치시,"//*[@id=""txt""]/div[2]/table/tbody/tr[1]/td","//*[@id=""txt""]/div[2]/table/tbody/tr[5]/td/div|-html","//*[@id=""txt""]/div[2]/table/tbody/tr[4]/td/div/a[not(@target)]","//*[@id=""txt""]/div[2]/table/tbody/tr[4]/td/div/a[not(@target)]|-href|-rst",,,"//*[@id=""txt""]/div[2]/table/tbody/tr[2]/td[1]","//*[@id=""contens""]/div[3]/div[1]/span[2]","//*[@id=""contens""]/div[3]/div[1]/span[2]|-|-rst.split(""("")[0].strip()","//*[@id=""txt""]/div[2]/table/tbody/tr[3]/td[2]",1,https://www.sejong.go.kr/prog/publicNotice/kor/sub02_0302/C2/view.do?not_ancmt_mgt_no=63829,1,49
송파구,"//tr[th[contains(text(), '제목')]]/td[1]","//tr[th[contains(text(), '내용')]]/td[1]|-html","//tr[th[contains(text(), '파일')]]//a[not(@target)]|-content","//tr[th[contains(text(), '파일')]]//a[not(@target)]|-href|-rst.split(""'"")[1]",,"//tr[th[contains(text(), '공고구분')]]/td[1]","//tr[th[contains(text(), '공고번호')]]/td[1]","//tr[th[contains(text(), '담당부서')]]/td[2]",,,1,https://www.songpa.go.kr/www/selectGosiData.do?not_ancmt_mgt_no=30066,1,50
수자원공사,"//*[@id=""contents""]/div[3]/table/tbody/tr[1]/th/strong","//*[@id=""contents""]/div[3]/table/tbody/tr[4]/td|-html","//*[@id=""contents""]/div[3]/table/tbody/tr[3]/td/div[2]/a|-title","//*[@id=""contents""]/div[3]/table/tbody/tr[3]/td/div[2]/a[@title]|-href|-""https://www.kwater.or.kr/news/sub01/"" + rst",,"//*[@id=""contents""]/div[3]/table/tbody/tr[2]/td/div/span[1]",,,"//*[@id=""contents""]/div[3]/table/tbody/tr[2]/td/div/span[2]/strong",,1,https://www.kwater.or.kr/news/sub01/noti01View.do?seq=138138&brdId=KO27&orderByField=&orderByDirection=&s_mid=105,1,52
아산시청,"//tr[th[contains(text(), '제목')]]/td",//tr/td[@style]|-html,"//tr[td[contains(text(), '첨부파일')]]/td[2]/a","//tr[td[contains(text(), '첨부파일')]]/td[2]/a|-href|-_file_new_js(rst, ""https://eminwon.asan.go.kr"")",,"//tr[th[contains(text(), '공고구분')]]/td[2]","//tr[th[contains(text(), '공고번호')]]/td[2]","//tr[th[contains(text(), '담당부서')]]/td[2]","//tr[th[contains(text(), '담당부서')]]/td[1]|-|-rst.split(""/"")[0].strip()","//tr[th[contains(text(), '담당부서')]]/td[1]|-|-rst.split(""/"")[1].strip()",1,https://eminwon.asan.go.kr/emwp/gov/mogaha/ntis/web/ofr/action/OfrAction.do?jndinm=OfrNotAncmtEJB&context=NTIS&method=selectOfrNotAncmt&methodnm=selectOfrNotAncmtRegst&homepage_pbs_yn=Y&subCheck=Y&ofr_pageSize=10&not_ancmt_se_code=01%2C04%2C06%2C07&Key=B_Subject&not_ancmt_mgt_no=71003,1,53
안산시청,"//tr[th[contains(text(), '제목')]]/td[1]","//tr[th[contains(text(), '내용')]]/td[1]|-html","//a[@class=""p-attach__link""]/span[2]|-content","//a[@class=""p-attach__link""]|-onclick|-""https://www.ansan.go.kr/common/file/FileDown.do?file_id=""+rst.split(""'"")[1]",,"//tr[th[contains(text(), '공고구분')]]/td[1]","//tr[th[contains(text(), '공고번호')]]/td[1]","//tr[th[contains(text(), '담당부서')]]/td[1]","//tr[th[contains(text(), '담당자')]]/td[1]",,1,https://www.ansan.go.kr/www/common/bbs/selectBbsDetail.do?key=271&bbs_code=WWW13&sch_type=sj&sch_text=&&bbs_seq=1629303,1,54
양주시청,"//tr[th[contains(text(), '제목')]]/td[1]","//tr/td[@class=""substance""]|-html","//tr[th[contains(text(), '첨부파일')]]//a|-content","//tr[th[contains(text(), '첨부파일')]]//a|-href|-""https://eminwon.yangju.go.kr"" + rst",,"//tr[th[contains(text(), '공고구분')]]/td[1]","//tr[th[contains(text(), '공고번호')]]/td[1]","//tr[th[contains(text(), '담당자')]]/td[2]","//tr[th[contains(text(), '담당자')]]/td[1]|-|-rst.split(""/"")[0].strip()","//tr[th[contains(text(), '담당자')]]/td[1]|-|-rst.split(""/"")[1].strip()",1,https://eminwon.yangju.go.kr/emwp/gov/mogaha/ntis/web/ofr/action/OfrAction.do?jndinm=OfrNotAncmtEJB&context=NTIS&method=selectOfrNotAncmt&methodnm=selectOfrNotAncmtRegst&subCheck=Y&not_ancmt_mgt_no=61549,1,55
양천구,"//tr[th[contains(text(), '제목')]]/td[1]","//div[@class=""view_contents""]/div[@class=""txt-area""]|-html","//tr[th[contains(text(), '첨부파일')]]//a|-content","//tr[th[contains(text(), '첨부파일')]]//a|-onclick|-_file_new_js(rst, ""http://eminwon.yangcheon.go.kr"")",,"//tr[th[contains(text(), '공고구분')]]/td[1]","//tr[th[contains(text(), '공고번호')]]/td[1]",,,,1,https://www.yangcheon.go.kr/site/yangcheon/ex/seol/seolContentDeailView.do;jsessionid=YEfHe23M8znZad0sX66VQdbYwZG1xUasWBI1OJUvMVARVZlInMzMlHQdxt7dPEFR.YCWEB_servlet_engine3?not_ancmt_mgt_no=43377,1,56
영등포구,"//*[@id=""contents""]/div[2]/table/tbody/tr[1]/td/span","//tr/td[@title=""내용""]|-html","//a[@class=""p-attach__link""]/span[2]|-content","//a[@class=""p-attach__link""]|-href",,"//tr[th[contains(text(), '공고구분')]]/td[1]","//tr[th[contains(text(), '공고번호')]]/td[2]","//tr[th[contains(text(), '담당부서')]]/td[1]",,"//tr[th[contains(text(), '담당자')]]/td[2]",1,https://www.ydp.go.kr/www/selectEminwonView.do?menuFlag=01&notAncmtMgtNo=34105&key=2851,1,57
예산군청,"//*[@id=""notAncmtSj""]","//*[@id=""notAncmtCn""]|-html","//*[@id=""txt""]/div[1]/div/div[11]/div[2]/div/div/a[not(@title)]|-onclick|-rst.split(""'"")[1]","//*[@id=""txt""]/div[1]/div/div[11]/div[2]/div/div/a[not(@title)]|-onclick|-_file_new_js(rst, ""https://eminwon.yesan.go.kr"")",,"//*[@id=""notAncmtMgtNo""]","//*[@id=""notAncmtSeNm""]","//*[@id=""depNm""]","//*[@id=""chrNm""]","//*[@id=""telno""]",1,https://www.yesan.go.kr/prog/saeolGosi/02/kor/sub04_03_03/view.do?notAncmtMgtNo=42929,1,58
오산시청,"//*[@id=""detailForm""]/div[1]/div/h4","//div[@class=""view_cont""]|-html","//*[@id=""updateFileList""]//a|-onclick|-rst.split(""'"")[1]","//*[@id=""updateFileList""]//a|-onclick|-_file_new_js(rst, ""http://eminwon.osan.go.kr"")",,,"//*[@id=""detailForm""]/div[1]/div/div[1]/ul/li[1]|-content|-rst.split("":"")[-1].strip()","//*[@id=""detailForm""]/div[1]/div/div[1]/ul/li[3]|-content|-rst.split("":"")[-1].strip().split(""("")[0]","//*[@id=""detailForm""]/div[1]/div/div[1]/ul/li[3]|-content|-rst.split(""("")[-1][:-1]",,1,https://www.osan.go.kr/portal/saeol/gosi/view.do?notAncmtMgtNo=47950&mId=0302010000,1,59
용산구,"//h2[@class=""subject""]","//div[@class=""dbdata""]|-html","//div[@class=""item""]/a[@class=""file""]|-content|-rst.split(""["")[0].strip()","//div[@class=""item""]/a[@class=""file""]|-href|-""https://www.yongsan.go.kr"" + rst",,"//dl[dt[contains(text(), '카테고리')]]/dd[1]",,"//dl[dt[contains(text(), '담당부서')]]/dd[1]",,"//dl[dt[contains(text(), '전화번호')]]/dd[1]",1,https://www.yongsan.go.kr/portal/bbs/B0000095/view.do?nttId=698632&menuNo=200233,1,60
용인시청,"//h3[@class=""viewOtherWidth""]","//div[@class=""viewTxt""]|-html","//dl[dt[contains(text(), '첨부파일')]]/dd[1]//a|-content","//dl[dt[contains(text(), '첨부파일')]]/dd[1]//a|-href|-_file_new_js(rst, ""http://eminwon.yongin.go.kr"")",,"//dl[dt[contains(text(), '공고구분')]]/dd[1]","//dl[dt[contains(text(), '공고번호')]]/dd[1]","//dl[dt[contains(text(), '담당부서')]]/dd[1]","//dl[dt[contains(text(), '담당자')]]/dd[1]|-|-rst.split(""/"")[0].strip()","//dl[dt[contains(text(), '담당자')]]/dd[1]|-|-rst.split(""/"")[1].strip()",1,https://eminwon.yongin.go.kr/emwp/gov/mogaha/ntis/web/ofr/action/OfrAction.do?epcCheck=&jndinm=OfrNotAncmtEJB&context=NTIS&method=selectOfrNotAncmt&methodnm=selectOfrNotAncmtRegst&homepage_pbs_yn=Y&subCheck=Y&not_ancmt_mgt_no=131930,1,61
우정사업본부,"//tr[th[contains(text(), '제목')]]/td[1]",//tr/td[@style]|-html,"//tr[td[contains(text(), '첨부파일')]]/td[2]/a|-content","//tr[td[contains(text(), '첨부파일')]]/td[2]/a|-href|-_file_new_js(rst, ""http://eminwon.taean.go.kr"")",,"//tr[th[contains(text(), '공고구분')]]/td[1]","//tr[th[contains(text(), '공고번호')]]/td[1]","//tr[th[contains(text(), '담당자')]]/td[2]","//tr[th[contains(text(), '담당자')]]/td[1]|-|-rst.split(""/"")[0].strip()","//tr[th[contains(text(), '담당자')]]/td[1]|-|-rst.split(""/"")[1].strip()",0,,1,62
은평구,"//tr[th[contains(text(), '제목')]]/td[1]","//tr[th[contains(text(), '내용')]]/td[1]|-html","//ul[@class=""upload_list""]//a[@title=""다운로드""]|-content","//ul[@class=""upload_list""]//a[@title=""다운로드""]|-href",,"//tr[th[contains(text(), '공고구분')]]/td[1]","//tr[th[contains(text(), '공고번호')]]/td[1]","//tr[th[contains(text(), '담당부서')]]/td[1]","//tr[th[contains(text(), '담당자')]]/td[1]","//tr[th[contains(text(), '연락처')]]/td[1]",1,https://www.ep.go.kr/www/selectEminwonView.do?pageUnit=10&searchCnd=all&key=755&notAncmtMgtNo=45029&notAncmtSeCode=04,1,64
인천 부평구청,"//*[@id=""detail_con""]/div/div[1]/p","//*[@id=""detail_con""]/div/div[3]/div|-html","//*[@id=""detail_con""]/div/div[2]/dl/dd/ul/li/a|-content","//*[@id=""detail_con""]/div/div[2]/dl/dd/ul/li/a|-href|-rst",,"//*[@id=""detail_con""]/div/ul/li[2]/dl/dd","//*[@id=""detail_con""]/div/ul/li[1]/dl/dd","//*[@id=""detail_con""]/div/ul/li[3]/dl/dd","//*[@id=""detail_con""]/div/ul/li[4]/dl/dd","//*[@id=""detail_con""]/div/ul/li[5]/dl/dd",1,https://www.icbp.go.kr/main/eminwon/eminwonAnnounceDetail.do?mgt_no=45385,1,65
인천계양구,"//*[@id=""detail_con""]/div/div[1]/p","//*[@id=""detail_con""]/div/div[2]|-outerhtml","//*[@id=""detail_con""]/div/div[1]/dl/dd/ul/li/a|-content","//*[@id=""detail_con""]/div/div[1]/dl/dd/ul/li/a|-href|-rst",,"//*[@id=""detail_con""]/div/div[1]/div/dl[1]/dd","//*[@id=""detail_con""]/div/div[1]/div/dl[2]/dd","//*[@id=""detail_con""]/div/div[1]/div/dl[3]/dd","//*[@id=""data_control""]/div[2]/div/ul/li[1]/span[2]","//*[@id=""data_control""]/div[2]/div/ul/li[3]/span[2]",1,https://www.gyeyang.go.kr/open_content/main/eminwon/announce/eminwonDetail.do?seq=50917,1,68
인천공항공사,"//div[@class=""title""]/div[1]/strong","//div[@class=""txt""]/div[@class=""con""]/div|-html","//div[@class=""attachment""]//a[not(@target)]|-content","//div[@class=""attachment""]//a[not(@target)]|-href|-""https://www.airport.kr""+rst",,,,,,,1,https://www.airport.kr/bbs/co_ko/113/137686/artclView.do,1,69
인천광역시강화교육지원청,"//tr[th[contains(text(), '제목')]]/td[1]","//td[@class=""tbl_cnts""]/div|-html","//div[@class=""download""]/a|-content|-rst.split(""\xa0"")[0]","//div[@class=""download""]/a|-href|-""https://ganghwa.ice.go.kr""+rst.split(""'"")[1]",,,,"//*[@id=""sub_contents""]/div[2]/div/ul/li[1]/dl/dd","//*[@id=""sub_contents""]/div[2]/div/ul/li[2]/dl/dd","//*[@id=""sub_contents""]/div[2]/div/ul/li[3]/dl/dd",1,https://ganghwa.ice.go.kr/support/support.asp?pNum=3&nNum=4&ptype=view&cmode=md&cstep=0401010000&path_url=%2Fsupport%2Fsupport.asp&num=114,1,71
인천광역시교육청,"//p[@class=""tit""]","//div[@class=""bbs_ViewA""]|-html","//ul[@class=""bbsV_file""]/li/a[@class=""fileName""]|-title|-rst.replace('다운로드', '').strip()","//ul[@class=""bbsV_file""]/li/a[@class=""fileName""]|-href|-""https://www.ice.go.kr/comm/nttFileDownload.do?fileKey="" + rst.split(""'"")[1]",,,,"//ul[@class=""bbsV_data""]/li[2]|-content|-rst.split(""\t"")[-1]","//div[@class=""info""]/p[1]|-content|-rst.split("":"")[1].strip()",,1,https://www.ice.go.kr/ice/na/ntt/selectNttInfo.do?bbsId=1482&mi=10840&listCo=10&searchType=all&nttSn=3325428,1,72
인천광역시남부교육지원청,"//*[@id=""subContentBox""]/div/div[1]/p[1]","//div[@class=""html_a_4""]//div[@class=""con""]|-html","//p[@class=""fileName""]/a|-content","//p[@class=""fileName""]/a|-href|-""https://nambu.ice.go.kr"" + rst",,,,,"//div[@class=""info""]/p[1]|-first|-rst.split("":"")[-1].strip()",,1,https://nambu.ice.go.kr/common/Contents.do#w1vf2D/163/3kT7LQ/BO/R/47115/N/N,1,73
인천광역시동부교육지원청,"//*[@id=""detail_con""]/div/p[1]","//*[@id=""detail_con""]//div[@class=""con""]|-html","//dl[@class=""add_file""]//a|-content","//dl[@class=""add_file""]//a|-href|-""https://dongbu.ice.go.kr"" + rst",,,,"//*[@id=""manager""]/ul/li[1]|-|-rst.split("":"")[1].strip()","//*[@id=""manager""]/ul/li[2]|-|-rst.split("":"")[1].strip()","//*[@id=""manager""]/ul/li[3]|-|-rst.split("":"")[1].strip()",1,https://dongbu.ice.go.kr/bbs/bbsMsgDetail.do?msg_seq=5635&bcd=notice,1,74
인천광역시북부교육지원청,"//*[@id=""bbs_data_frm""]/div[1]/div[1]/h2","//div[@class=""view_content""]|-html","//div[@class=""fileArea""]/a/span|-|-""("".join(rst.split(""("")[:-1])","//div[@class=""fileArea""]/a|-href|-""https://bukbu.ice.go.kr/bbs/dataFile/fileDown.do?bbs_mst_idx=""+ rst.split(""'"")[1]+ ""&data_idx="" + rst.split(""'"")[3] + ""&attach_idx="" + rst.split(""'"")[5]",,,,,"//*[@id=""bbs_data_frm""]/div[1]/div[2]/dl[2]/dd[2]",,1,https://bukbu.ice.go.kr/bbs/data/view.do?menu_idx=235&data_idx=BD0000039405,1,75
인천광역시서부교육지원청,"//h1[@class=""tit""]/span","//div[@class=""bbsViewCont""]/div[@class=""cont""]|-html","//a[@class=""download""]|-content|-""("".join(rst.split(""("")[:-1])","//a[@class=""download""]|-href",,,,,,,1,https://seobu.ice.go.kr/bseobu/read.aspx?board_idx=150901&board_code=4644&g1=,0,76
인천국제공항공사,"//tr[th[contains(text(), '제목')]]/td[1]",//tr/td[@style]|-html,,,,"//tr[th[contains(text(), '공고구분')]]/td[1]","//tr[th[contains(text(), '공고번호')]]/td[1]","//tr[th[contains(text(), '담당자')]]/td[2]","//tr[th[contains(text(), '담당자')]]/td[1]|-|-rst.split(""/"")[0].strip()","//tr[th[contains(text(), '담당자')]]/td[1]|-|-rst.split(""/"")[1].strip()",0,,1,77
인천남동구,"//*[@id=""detail_con""]/div/div[1]/p","//*[@id=""detail_con""]/div/div[3]/div[@class=""detail""]|-html","//*[@id=""detail_con""]/div/div[2]/dl/dd/ul/li/a|-content","//*[@id=""detail_con""]/div/div[2]/dl/dd/ul/li/a|-href|-rst",,"//*[@id=""detail_con""]/div/ul/li[2]/dl/dd","//*[@id=""detail_con""]/div/ul/li[1]/dl/dd","//*[@id=""detail_con""]/div/ul/li[3]/dl/dd","//*[@id=""detail_con""]/div/ul/li[4]/dl/dd","//*[@id=""detail_con""]/div/ul/li[5]/dl/dd",1,https://www.namdong.go.kr//main/eminwon/eminwonAnnounceDetail.do?mgt_no=66218&listsz=50,1,78
인천도시공사,"//*[@id=""detail_con""]/div[2]/div[1]/p","//*[@id=""detail_con""]/div[2]/div[3]/div|-html","//*[@id=""detail_con""]/div[2]/div[2]/dl/dd/ul/li/a[not(@class)]|-content","//*[@id=""detail_con""]/div[2]/div[2]/dl/dd/ul/li/a[not(@class)]|-href|-""https://www.ih.co.kr"" + rst",,,"//*[@id=""detail_con""]/div[2]/div[3]/div/p[1]","//*[@id=""detail_con""]/div[2]/ul[1]/li[1]/dl[1]/dd",,,1,https://www.ih.co.kr/main/bbs/bbsMsgDetail.do?msg_seq=2882&bcd=bidding,1,79
인천동구,"//*[@id=""detail_con""]/div/div[1]/p","//*[@id=""detail_con""]/div/div[3]/div|-html","//*[@id=""detail_con""]/div/div[2]/dl/dd/ul/li/a[not(@target)]|-content","//*[@id=""detail_con""]/div/div[2]/dl/dd/ul/li/a[not(@target)]|-href|-""https://www.icdonggu.go.kr"" + rst",,,"//*[@id=""detail_con""]/div/ul[1]/li[4]/dl/dd","//*[@id=""detail_con""]/div/ul[1]/li[1]/dl[1]/dd|-|-rst.split(""("")[1][:-1]","//*[@id=""detail_con""]/div/ul[1]/li[1]/dl[1]/dd|-|-rst.split(""("")[0]","//*[@id=""detail_con""]/div/ul[1]/li[3]/dl/dd",1,https://www.icdonggu.go.kr/main/bbs/bbsMsgDetail.do?msg_seq=12392&bcd=announce,1,80
인천미추홀구,"//*[@id=""formWrite""]/div/div[1]/h3","//*[@id=""formWrite""]/div/div[1]/div[4]|-outerhtml","//*[@id=""formWrite""]/div/div[1]/div[3]/a","//*[@id=""formWrite""]/div/div[1]/div[3]/a|-href|-""https://www.michuhol.go.kr"" + rst",,"//*[@id=""formWrite""]/div/div[1]/div[2]/table/tbody/tr/td","//*[@id=""formWrite""]/div/div[1]/div[2]/table/tbody/tr/td","//*[@id=""formWrite""]/div/div[1]/div[1]/ul/li[1]|-|-rst.split("":"")[1].strip()",,,1,https://www.michuhol.go.kr/main/board/view.do?sq=276763&board_code=board_13&search=eyJib2FyZF9jb2RlIjoiYm9hcmRfMTMiLCJwYWdlIjoiMyJ9,1,81
인천본부세관,"//*[@id=""pbntDsptForm""]/div/h3","//div[@class=""conts""]|-html","//ul[@class=""list_file""]//a[not(@class)]|-content","//ul[@class=""list_file""]//a[not(@class)]|-href|-""https://www.customs.go.kr""+rst",,,,,,,1,https://www.customs.go.kr/incheon/ad/go/gongMeInfo.do?mi=3650&searchType=subject&sysId=incheon&tcd=1&seq=2913,1,82
인천서구청,"//*[@id=""detail_con""]/div/h4","//*[@id=""detail_con""]/div/div[1]|-outerhtml","//*[@id=""detail_con""]/div/ul[4]/li/dl/dd/ul/li/a[not(@class)]|-content","//*[@id=""detail_con""]/div/ul[4]/li/dl/dd/ul/li/a[not(@class)]|-href|-""https://www.seo.incheon.kr"" + rst",,,,"//*[@id=""detail_con""]/div/ul[1]/li/dl[1]/dd|-|-rst.split(""("")[1][:-1]","//*[@id=""detail_con""]/div/ul[1]/li/dl[1]/dd|-|-rst.split(""("")[0]","//*[@id=""detail_con""]/div/ul[2]/li/dl/dd",1,https://www.seo.incheon.kr/open_content/main/bbs/bbsMsgDetail.do?msg_seq=42541&listsz=50&bcd=gosi,1,83
인천시청,"//tr[th/nobr[contains(text(), '제목')]]/td",//tr/td[@style]|-html,"//tr[th/nobr[contains(text(), '첨부파일')]]/td[1]//a|-content","//tr[th/nobr[contains(text(), '첨부파일')]]/td[1]//a|-href|-""http://announce.incheon.go.kr"" + rst",,"//tr[th/nobr[contains(text(), '고시')]]/td[2]","//tr[th/nobr[contains(text(), '고시')]]/td[1]","//tr[th/nobr[contains(text(), '담당부서')]][1]/td[1]|-first","//tr[th/nobr[contains(text(), '담당자')]][1]/td[1]|-first","//tr[th/nobr[contains(text(), '담당자')]][1]/td[2]|-first",1,http://announce.incheon.go.kr/citynet/jsp/sap/SAPGosiBizProcess.do?command=searchDetail&flag=gosiGL&svp=Y&sido=ic&sno=60664&gosiGbn=A,1,84
인천연수구청,/html/body/form/table/thead/tr[1]/td,"/html/body/form/table/tbody/tr/td[@class=""content""]|-html",/html/body/form/table/thead/tr[5]/td/ul/li/a[not(@target)],"/html/body/form/table/thead/tr[5]/td/ul/li/a[not(@target)]|-href|-""https://eminwon.yeonsu.go.kr"" + rst",,/html/body/form/table/thead/tr[2]/td[2],/html/body/form/table/thead/tr[2]/td[1],"//tr[th[contains(text(), '담당부서')]]/td[1]",,/html/body/form/table/thead/tr[4]/td,1,"https://eminwon.yeonsu.go.kr/emwp/gov/mogaha/ntis/web/ofr/action/OfrAction.do?not_ancmt_mgt_no=46665&jndinm=OfrNotAncmtEJB&context=NTIS&homepage_pbs_yn=Y&subCheck=Y&ofr_pageSize=15&not_ancmt_se_code=01,02,03,04,06,07&initValue=Y&countYn=Y&not_ancmt_sj=&method=selectOfrNotAncmt&methodnm=selectOfrNotAncmtRegst",1,85
인천중구청,/html/body/form/div/div/h4,/html/body/form/div/div/div[1]/table/tbody/tr[6]/th|-html,/html/body/form/div/div/div[1]/table/tbody/tr[5]/td/a[not(@target)],"/html/body/form/div/div/div[1]/table/tbody/tr[5]/td/a[not(@target)]|-href|-_file_url_js(rst, ""https://eminwon.icjg.go.kr"")",,/html/body/form/div/div/div[1]/table/tbody/tr[1]/td,/html/body/form/div/div/div[1]/table/tbody/tr[2]/td,/html/body/form/div/div/div[1]/table/tbody/tr[4]/td,,,1,https://eminwon.icjg.go.kr/emwp/gov/mogaha/ntis/web/ofr/action/OfrAction.do?jndinm=OfrNotAncmtEJB&context=NTIS&method=selectOfrNotAncmt&methodnm=selectOfrNotAncmtRegst&homepage_pbs_yn=Y&subCheck=Y&not_ancmt_se_code=01%2C02%2C03%2C04%2C05%2C06&srchKey=sj&not_ancmt_mgt_no=48904,1,86
인천항만공사,"//*[@id=""board_view""]/h4|-content","//*[@id=""board_view""]/div[@class=""board_cont""]|-html","//tr[th[contains(text(), '첨부파일')]]/td[1]//a[@class=""btn_down""]|-content","//tr[th[contains(text(), '첨부파일')]]/td[1]//a[@class=""btn_down""]|-href|-""https://www.icpa.or.kr""+rst",,,,,,,1,https://www.icpa.or.kr/article/view.do?articleKey=29925&boardKey=213&menuKey=397,1,87
정부24 지자체소식,"//h2[@class=""tit2""]","//div[@class=""view-contents""]|-html","//div[@class=""view-contents""]/p/a[@class=""ic_file""]|-|-""("".join(rst.split(""("")[:-1])","//div[@class=""view-contents""]/p/a[@class=""ic_file""]|-href|-rst",,,,"//div[@class=""view-title""]/strong|-content",,,1,https://www.gov.kr/portal/locgovNews/4281770?Mcode=111820&hideurl=N,1,90
정부청사관리본부,"//*[@id=""nttViewForm""]/div[1]/h3","//div[@class=""bbsV_cont""]|-html","//ul[@class=""bbsV_file""]//a[not(@target)]","//ul[@class=""bbsV_file""]//a[not(@target)]|-href|-""https://gbmo.go.kr""+rst",,,,"//ul[@class=""bbsV_data""]/li[2]|-content|-rst.split(""\t"")[-1].strip()",,,1,https://gbmo.go.kr//chungsa/na/ntt/selectNttInfo.do?searchType=all&mi=1559&bbsId=1114&nttSn=39745,1,91
조달청,"//*[@id=""frm""]/table/tbody/tr/td/strong","//*[@id=""brdContent""]|-html","//*[@id=""frm""]/table/tbody/tr/td/div[3]/a[not(@target)]|-outerhtml|-_file_name_jodal(rst)","//*[@id=""frm""]/table/tbody/tr/td/div[3]/a[not(@target)]|-href|-""https://www.pps.go.kr"" + rst",,,"//*[@id=""brdContent""]/p[1]/span[1]","//*[@id=""frm""]/table/tbody/tr/td/div[1]/span[4]|-|-rst.split("":"")[1].strip()","//*[@id=""frm""]/table/tbody/tr/td/div[1]/span[1]","//*[@id=""frm""]/table/tbody/tr/td/div[1]/span[5]|-|-rst.split("":"")[1].strip()",1,https://www.pps.go.kr/kor/bbs/view.do?key=00641&bbsSn=2504210033,1,93
종로구,"//th[@class=""first notice_title""]","//td[@class=""output""]|-html","//*[@id=""subContent""]/div[2]/table/tbody/tr[4]/th/p[1]/a[not(@target)]|-content","//*[@id=""subContent""]/div[2]/table/tbody/tr[4]/th/p[1]/a[not(@target)]|-href|-""https://www.jongno.go.kr""+rst",,,,"//*[@id=""subContent""]/div[2]/table/tbody/tr[2]/th/ul[1]/li[1]","//*[@id=""subContent""]/div[2]/table/tbody/tr[2]/th/ul[1]/li[2]","//*[@id=""subContent""]/div[2]/table/tbody/tr[2]/th/ul[1]/li[3]",1,https://www.jongno.go.kr/portal/bbs/selectBoardArticle.do?bbsId=BBSMSTR_000000000271&menuNo=1756&menuId=1756&nttId=256791,1,94
중구,"//th[@ class=""view_tit""]","//td[@ class=""view_txt""]|-html","//a[@title=""파일 다운로드""]|-content","//a[@title=""파일 다운로드""]|-href|-""https://www.junggu.seoul.kr""+rst",,,,"//tr[th[contains(text(), '담당부서')]]/td[1]","//tr[th[contains(text(), '작성자')]]/td[2]",,1,https://www.junggu.seoul.kr/content.do?cmsid=14363&mode=view&cid=1355819342,1,95
중구청,"//th[@ class=""view_tit""]","//td[@ class=""article_body""]|-html","//a[@title=""파일 다운로드""]|-content","//a[@title=""파일 다운로드""]|-href|-""https://www.junggu.seoul.kr""+rst",,,,,,"//tr[th[contains(text(), '문의처')]]/td[2]",1,https://www.junggu.seoul.kr/content.do?cmsid=14232&mode=view&cid=1358079425,1,96
중랑구,"//h2[@class=""htit""]","//*[@id=""dbdata""]|-html","//ul[@class=""list_bu_sub""]//a[not(@target)]/span|-content","//ul[@class=""list_bu_sub""]//a[not(@target)]|-href|-""https://www.jungnang.go.kr""+rst",,,"//*[@id=""dbdata""]/p[1]|-content","//tr[th[contains(text(), '담당부서')]]/td[1]","//tr[th[contains(text(), '담당부서')]]/td[2]","//tr[th[contains(text(), '전화')]]/td[1]",1,https://www.jungnang.go.kr/portal/bbs/view/B0000117/159454.do?searchCnd=&searchWrd=&gubun=&delCode=0&useAt=&replyAt=&menuNo=200475,0,97
천안시청,"//tr[td[contains(text(), '제목')]]/td[2]",//tr/td[@style]|-html,"//tr[td[contains(text(), '첨부파일')]]/td[2]/a|-content","//tr[td[contains(text(), '첨부파일')]]/td[2]/a|-href|-_file_url_js(rst, ""https://eminwon.cheonan.go.kr"")",,"//tr[td[contains(text(), '공고구분')]]/td[2]","//tr[td[contains(text(), '공고번호')]]/td[2]","//tr[td[contains(text(), '제목')]]/td[4]",,,1,https://eminwon.cheonan.go.kr/emwp/gov/mogaha/ntis/web/ofr/action/OfrAction.do?jndinm=OfrNotAncmtEJB&context=NTIS&method=selectOfrNotAncmt&methodnm=selectOfrNotAncmtRegst&homepage_pbs_yn=Y&subCheck=Y&not_ancmt_se_code=01%2C02%2C04%2C05&initValue=Y&countYn=Y&yyyymmdd=&recent_mm=60&list_gubun=&Key=B_Subject&not_ancmt_mgt_no=103089,1,98
청양군청,"//tr[th[contains(text(), '제목')]]/td[1]",//tr/td[@style]|-html,"//tr[td[contains(text(), '첨부파일')]]/td[2]/a|-content","//tr[td[contains(text(), '첨부파일')]]/td[2]/a|-href|-_file_new_js(rst, ""https://eminwon.cheongyang.go.kr"")",,"//tr[th[contains(text(), '공고구분')]]/td[1]","//tr[th[contains(text(), '공고번호')]]/td[1]","//tr[th[contains(text(), '담당자')]]/td[2]","//tr[th[contains(text(), '담당자')]]/td[1]|-|-rst.split(""/"")[0].strip()","//tr[th[contains(text(), '담당자')]]/td[1]|-|-rst.split(""/"")[1].strip()",1,https://eminwon.cheongyang.go.kr/emwp/gov/mogaha/ntis/web/ofr/action/OfrAction.do?jndinm=OfrNotAncmtEJB&context=NTIS&method=selectOfrNotAncmt&methodnm=selectOfrNotAncmtRegst&homepage_pbs_yn=Y&subCheck=N&not_ancmt_se_code=01%2C04%2C06&initValue=Y&countYn=Y&list_gubun=A&Key=B_Subject&not_ancmt_mgt_no=33974,1,99
충남개발공사,"//*[@id=""frm""]/div/div/div[1]/div/h4","//div[@class=""view-cont""]/div[@class=""txt""]|-html","//*[@id=""frm""]/div/div/div[3]/ul/li/a","//*[@id=""frm""]/div/div/div[3]/ul/li/a|-href|-""https://www.cndc.kr"" + rst",,,,"//*[@id=""frm""]/div/div/div[1]/ul/li[1]",,,1,https://www.cndc.kr/bbs/view.do?key=2404080009&sc_detailAt=&orderBy=bbsOrdr+desc&pstSn=2504160001,1,100
충남도청,"//*[@id=""content""]/div/div[1]/div/p","//*[@id=""content""]/div/div[1]/ul/li[8]/div/div|-html","//ul[@class=""view-file-list""]/li|-content","//ul[@class=""view-file-list""]/li/a[@class=""ico_file""]|-href",,"//*[@id=""content""]/div/div[1]/ul/li[2]/div/div[2]","//*[@id=""content""]/div/div[1]/ul/li[1]/div/div[2]","//*[@id=""content""]/div/div[1]/ul/li[4]/div/div[2]","//*[@id=""content""]/div/div[1]/ul/li[3]/div/div[2]","//*[@id=""content""]/div/div[1]/ul/li[5]/div/div[2]",1,https://www.chungnam.go.kr/cnportal/province/province/view.do?nttId=2156276&menuNo=500487,1,101
충청남도개발공사,"//div[@class=""tit""]/h4","//div[@class=""view-cont""]/div[@class=""txt""]|-html","//*[@id=""frm""]/div/div/div[3]/ul/li/a","//*[@id=""frm""]/div/div/div[3]/ul/li/a|-href|-""https://www.cndc.kr""+rst",,,"//div[@class=""view-cont""]/div[@class=""txt""]/p[1]|-content","//ul[@class=""info""]/li[1]",,,1,https://www.cndc.kr/bbs/view.do?key=2404080009&pstSn=2502040002,0,102
충청남도건설본부,"//tr[th/nobr[contains(text(), '제목')]]/td[1]",//tr/td[@style]|-html,"//tr[th/nobr[contains(text(), '첨부파일')]]/td[1]//a|-content","//tr[th/nobr[contains(text(), '첨부파일')]]/td[1]//a|-href|-""https://minwon.chungnam.go.kr/""+rst",,"//tr[th/nobr[contains(text(), '구분')]]/td[2]","//tr[th/nobr[contains(text(), '공고 번호')]]/td[1]","//tr[th/nobr[contains(text(), '담당부서')]]/td[1]|-first","//tr[th/nobr[contains(text(), '담당자')]]/td[1]|-first","//tr[th/nobr[contains(text(), '전화번호')]]/td[2]|-first",1,https://minwon.chungnam.go.kr/citynet/jsp/sap/SAPGosiBizProcess.do?command=searchDetail&flag=gosiGL&svp=Y&sno=47635&gosiGbn=A,1,103
태안군청,"//tr[th[contains(text(), '제목')]]/td[1]",//tr/td[@style]|-html,"//tr[td[contains(text(), '첨부파일')]]/td[2]/a|-content","//tr[td[contains(text(), '첨부파일')]]/td[2]/a|-href|-_file_new_js(rst, ""http://eminwon.taean.go.kr"")",,"//tr[th[contains(text(), '공고구분')]]/td[1]","//tr[th[contains(text(), '공고번호')]]/td[1]","//tr[th[contains(text(), '담당자')]]/td[2]","//tr[th[contains(text(), '담당자')]]/td[1]|-|-rst.split(""/"")[0].strip()","//tr[th[contains(text(), '담당자')]]/td[1]|-|-rst.split(""/"")[1].strip()",1,http://eminwon.taean.go.kr/emwp/gov/mogaha/ntis/web/ofr/action/OfrAction.do?jndinm=OfrNotAncmtEJB&context=NTIS&method=selectOfrNotAncmt&methodnm=selectOfrNotAncmtRegst&homepage_pbs_yn=Y&subCheck=N&not_ancmt_se_code=01%2C02%2C03%2C04%2C05&list_gubun=A&Key=B_Subject&not_ancmt_mgt_no=40527,1,104
하남시청,"//span[@class=""p-table__subject_text""]","//textarea[@title=""내용""]|-html","//a[@class=""p-button p-attach__down""]|-href|-rst.split(""'"")[1]","//a[@class=""p-button p-attach__down""]|-href|-_file_new_js(rst, ""https://eminwon.hanam.gyeonggi.kr"")",,"//span[@class=""p-table__subject_type""]","//div[@class=""p-author__info""]/span[1]","//div[@class=""p-author__info""]/span[2]",,"//div[@class=""p-author__info""]/span[3]",1,"https://www.hanam.go.kr/www/selectGosiData.do?key=171&not_ancmt_mgt_no=47492&not_ancmt_se_code=01,04",1,105
한국가스공사,"//td[@class=""pu_td_tit""]","//td[@class=""pu_td_txt""]|-html","//a[@class=""pu_file_txt""]/span[2]","//a[@class=""pu_file_txt""]|-href|-""https://www.kogas.or.kr""+rst",,,,,,,1,https://www.kogas.or.kr/site/koGas/bbs/View.do?cbIdx=6&Key=1010201000000&pageOffset=0&boardIdx=46395,0,106
한국공항공사,"//*[@id=""contents""]/article/div[1]/div[1]/dl/dt/div[1]/p|-content","//p[@class=""view_txt""]|-html","//div[@class=""fileArea""]//a|-|-""["".join(rst.split(""["")[:-1])","//div[@class=""fileArea""]//a|-outerhtml",,,,"//*[@id=""contents""]/article/div[1]/div[1]/dl/dt/div[2]/span[1]|-content",,,1,https://www.airport.co.kr/www/cms/frBoardCon/boardView.do?pagePerCnt=15&MENU_ID=870&SITE_NO=2&BOARD_SEQ=110&BBS_SEQ=3553674,1,107
한국자산관리공사,"//tr[th[contains(text(), '제목')]]/td[1]","//*[@id=""conts""]/div[1]/div[1]/table/tbody/tr[1]/td|-html","//div[@id=""updateFileList""]//a/span[1]","//div[@id=""updateFileList""]/ul//a|-onclick|-""https://www.kamco.or.kr""+rst.split(""'"")[1]",,,,"//tr[th[contains(text(), '담당부서')]]/td[1]",,,1,https://www.kamco.or.kr/portal/bbs/view.do?mId=0701020000&ptIdx=480&bIdx=22206,0,108
한국철도공사,"//div[@class=""detail_title""]","//td[@class=""detail_content""]|-outerhtml","//div[@class=""attach_file""]/span[@class=""file_name""]","//div[@class=""attach_file""]/a[not(@target)]|-href|-""https://info.korail.com/info""+rst[1:]",,,,"//tr[th[contains(text(), '담당자 연락처')]]/td[1]|-|-rst.split(""("")[0]",,"//tr[th[contains(text(), '담당자 연락처')]]/td[1]|-|-rst.split(""("")[1][:-1]",1,https://info.korail.com/info/selectBbsNttView.do?key=910&bbsNo=200&nttNo=24577,1,110
한국환경공단,"//*[@id=""content""]/div[2]/header","//*[@id=""content""]/div[2]/section[3]/div[@class=""bo-content""]|-html","//*[@id=""content""]/div[2]/section[2]/div/ul/li[2]/a[not(@target)]","//*[@id=""content""]/div[2]/section[2]/div/ul/li[2]/a[not(@target)]|-href|-""https://www.keco.or.kr"" + rst",,,,,"//*[@id=""content""]/div[2]/header",,0,,1,111
홍성군청,"//*[@id=""txt""]/div/div[1]/div[1]/h2","//*[@id=""txt""]/div/div[1]/div[3]/div/div|-html","//*[@id=""txt""]/div/div[1]/div[2]/a[not(@target)]|-content","//*[@id=""txt""]/div/div[1]/div[2]/a[not(@target)]|-href|-_file_new_js(rst, ""https://eminwon.hongseong.go.kr"")",,,"//*[@id=""txt""]/div/div[1]/div[1]/div/span","//*[@id=""txt""]/div/div[1]/div[1]/span[1]|-content|-rst.replace(""작성자"","""")",,"//*[@id=""txt""]/div/div[1]/div[1]/span[2]|-|-rst.split("":"")[1]",1,https://www.hongseong.go.kr/prog/saeolGosi/kor/sub03_0204/GOSI_ALL/view.do?notAncmtMgtNo=40544,1,112
화성시청,"//tr[th[contains(text(), '제목')]]/td[1]","//tr[th[contains(text(), '내용')]]/td[1]/div|-html","//tr[th[contains(text(), '첨부파일')]]/td[1]//a|-content","//tr[th[contains(text(), '첨부파일')]]/td[1]//a|-href|-_file_new_js(rst, ""https://eminwon.hscity.go.kr/"")",,"//tr[th[contains(text(), '공고구분')]]/td[1]","//tr[th[contains(text(), '공고번호')]]/td[1]","//tr[th[contains(text(), '담당자')]]/td[1]","//tr[th[contains(text(), '담당자')]]/td[1]|-|-rst.split(""/"")[0].strip()","//tr[th[contains(text(), '담당자')]]/td[1]|-|-rst.split(""/"")[1].strip()",1,https://www.hscity.go.kr/www/gosi/BD_selectBiddingDetail.do?q_notAncmtSeCode=02&q_notAncmtMgtNo=132727,1,113